,Avg Degree,Cluster,Connected components,Avg shortest path,assortativity
0,19.4,0.3333222811483596,1.0,2.345563126252505,0.457120914344475
